<?xml version="1.0" encoding="UTF-8"?>
<project-private xmlns="http://www.netbeans.org/ns/project-private/1">
    <editor-bookmarks xmlns="http://www.netbeans.org/ns/editor-bookmarks/2" lastBookmarkId="0"/>
    <open-files xmlns="http://www.netbeans.org/ns/projectui-open-files/2">
        <group>
            <file>file:/C:/Users/anjos/Downloads/Projeto/Projeto/src/model/ModelCliente.java</file>
            <file>file:/C:/Users/anjos/Downloads/Projeto/Projeto/src/main/MainPrincipal.java</file>
            <file>file:/C:/Users/anjos/Downloads/Projeto/Projeto/src/view/ViewVendas.java</file>
            <file>file:/C:/Users/anjos/Downloads/Projeto/Projeto/src/view/ViewCliente.java</file>
            <file>file:/C:/Users/anjos/Downloads/Projeto/Projeto/src/view/ViewMenuPrincipal.java</file>
            <file>file:/C:/Users/anjos/Downloads/Projeto/Projeto/src/view/ViewUsuario.java</file>
        </group>
    </open-files>
</project-private>
